ID,Baseline,ACH2,ACH2CR,ACH4,ACH4CR,ACH6,ACH6CR,ACH8,ACH8CR,ACH10,ACH10CR,ACH12,ACH12CR,ACH14,ACH14CR,ACH16,ACH16CR,ACH18,ACH18CR,ACH20,ACH20CR,ACH21,ACH21CR,ACH22,ACH22CR
39,,,2.0917,,2.34937,,2.21762,,2.170101,,2.043314,,1.797591,,0,,2.156668,,2.547051,,2.425837,,2.11062,,2.052003
40,,,1.17128,,0,,0.44303,,0.894008,,0.691056,,2.009254,,0,,1.427475,,1.307558,,2.114428,,1.13636,,0.388278
41,,,0,,0,,0,,2.176934,,3.782933,,2.534567,,0,,6.524508,,3.251924,,0,,3.248289,,2.502051
42,,,0,,0,,0,,2.944813,,1.660406,,2.194216,,0,,1.75959,,1.74071,,3.719065,,2.320365,,1.65625
43,,,0,,0,,0,,2.264194,,2.057102,,2.191648,,0,,1.821355,,2.343094,,2.751569,,2.490087,,1.947928
44,,,0,,0,,0,,2.734974,,1.588362,,1.707656,,0,,0.87612,,1.869331,,1.056102,,1.191292,,-0.213424
45,,,0,,0,,0,,2.792252,,2.269855,,2.594787,,0,,2.029732,,1.812055,,2.996841,,1.740093,,0.174217
46,,,0,,0,,0,,4.371228,,3.181192,,1.425362,,0,,0,,2.072377,,2.611401,,1.938363,,0.803195
47,,,0,,0,,0,,3.063023,,2.663938,,2.750446,,0,,2.571147,,2.013264,,2.374002,,3.760487,,-0.529073
